<?xml version="1.0" encoding="UTF-8" standalone="yes"?>
<addon id="script.limpador.universal" name="Limpador Universal BR" version="2.5.0" provider-name="Suporte Técnico">
    <requires>
        <import addon="xbmc.python" version="3.0.0"/>
    </requires>
    <extension point="xbmc.python.pluginsource" library="default.py">
        <provides>executable</provides>
    </extension>
    <extension point="xbmc.service" library="service.py" />
    <extension point="xbmc.addon.metadata">
        <platform>all</platform>
        <license>MIT</license>
        <summary lang="pt_BR">Utilitário completo de limpeza e otimização.</summary>
        <description lang="pt_BR">Ferramenta avançada para limpar Cache, Miniaturas (Thumbnails), Pacotes antigos e otimizar bancos de dados em Android, Windows e Linux.</description>
        <assets>
            <icon>icon.png</icon>
        </assets>
    </extension>
</addon>
